Comments,User name,Created_at,Source,Like,Replies_Count,Lang
"""We must stand together to end sexual abuse in Indian cities. #EndSexualAbuse #India""",NeonNebula,7/16/2020 21:17,instagram for io,0,2,EN
"""Every voice matters in the fight against sexual abuse. Let's amplify them. #SpeakOut #India""",PixelPioneer,7/16/2020 21:17,instagram for iPhone,0,34,EN
"""Sexual abuse has no place in our society. Let's work towards a safer India for all. #SafeIndia #EndAbuse""",VelvetVoyage,7/16/2020 21:17,instagram for iPhone,0,2345,EN
"""Raising awareness is crucial in combating sexual abuse. Let's spread the word. #Awareness #India""",LunarLuminary,7/16/2020 21:17,instagram for Android,2,67,EN
"""Survivors deserve justice and support. Let's stand with them. #JusticeForSurvivors #India""",StarrySpecter,7/16/2020 21:17,instagram for iPhone,1,0,EN
"""Education and empathy are key to preventing sexual abuse. Let's educate ourselves and others. #Prevention #India""",MysticMingle,7/16/2020 21:17,instagram Web App,2,67,EN
"""Together, we can create safer spaces for everyone. Let's take action. #SafeSpaces #EndAbuse""",EchoEnigma,7/16/2020 21:17,instagram.io,1,122,EN
"""Victims of sexual abuse deserve compassion and understanding. Let's support them. #Compassion #India""",PrismPresence,7/16/2020 21:17,instagram for Android,1,34,EN
"""It's time to break the silence on sexual abuse. Let's start the conversation. #BreakTheSilence #India""",SereneSynergy,7/16/2020 21:17,instagram Web App,1,56,EN
"""No one should ever feel unsafe in their own city. Let's make Indian cities safer. #SafetyFirst #India""",DreamyDazzle,7/16/2020 21:17,instagram for Android,0,78,EN
"""Ending sexual abuse requires a collective effort. Let's stand united. #Unity #EndAbuse""",NovaNomad,7/16/2020 21:17,instagram for iPhone,0,9,EN
"""Empowering survivors is essential for healing and change. Let's empower them. #EmpowerSurvivors #India""",EtherealEchoes,7/16/2020 21:17,instagram for iPhone,0,8,EN
"""Let's work towards a future where everyone feels respected and valued. #Respect #India""",RadiantRipple,7/16/2020 21:17,instagram for Android,0,77,EN
"""Shedding light on sexual abuse is the first step towards ending it. Let's shine a light. #Awareness #India""",ZenithZephyr,7/16/2020 21:17,instagram for iPhone,0,456,EN
"""We must hold perpetrators accountable for their actions. #Accountability #EndAbuse""",CelestialCipher,7/16/2020 21:17,instagram Web App,0,122,EN
"""Supporting survivors is not just a choice, it's a responsibility. Let's fulfill it. #Support #India""",WanderWisp,7/16/2020 21:17,instagram.io,0,234,EN
"""Let's create a culture of consent and respect. #ConsentCulture #India""",BlissfulBloom,7/16/2020 21:17,instagram for Android,0,56,EN
"""Sexual abuse is a violation of basic human rights. Let's fight for justice. #HumanRights #EndAbuse""",EnchantedEssence,7/16/2020 21:17,instagram Web App,0,4,EN
"""Educating ourselves about sexual abuse is crucial for prevention. Let's learn and teach. #Education #India""",TwilightTrance,7/16/2020 21:17,instagram Web App,0,0,EN
"""Together, we can create a future free from sexual violence. #EndViolence #India""",WhisperingWillow,7/16/2020 21:17,instagram Web App,0,1,EN
"""Survivors are not alone. Let's offer them our unwavering support. #SupportSurvivors #India""",LuminousLagoon,7/16/2020 21:17,instagram Web App,0,0,EN
"""Let's dismantle the systems that enable sexual abuse. #SystemChange #EndAbuse""",CosmicCascade,7/16/2020 21:17,instagram Web App,0,567,EN
"""Every action counts in the fight against sexual abuse. Let's take action. #TakeAction #India""",MirageMystery,7/16/2020 21:17,instagram Web App,0,897,EN
"""Empathy and understanding are powerful tools in combating sexual abuse. Let's use them. #Empathy #EndAbuse""",NeonNirvana,7/16/2020 21:17,instagram.io,0,4,EN
"""We must listen to survivors' voices and stories. Let's amplify them. #ListenAndBelieve #India""",SapphireSerenade,7/16/2020 21:17,instagram Web App,0,33,EN
"""Ending sexual abuse requires a commitment from all of us. Let's make that commitment. #EndAbuse #India""",PixelPulse,7/16/2020 21:17,instagram for Android,0,678,EN
"""Let's challenge the norms that perpetuate sexual violence. #ChallengeNorms #India""",VelvetVortex,7/16/2020 21:17,instagram Web App,0,79,EN
"""Sexual abuse thrives in silence. Let's break that silence. #BreakTheSilence #EndAbuse""",LunarLullaby,7/16/2020 21:17,instagram for Android,0,9,EN
"""Creating a safer India starts with us. Let's take the first step. #ChangeStartsWithUs #India""",StarrySpell,7/16/2020 21:17,instagram for iPhone,0,76,EN
"""It's time to put an end to the cycle of violence. Let's break it. #BreakTheCycle #EndAbuse""",MysticMingle,7/16/2020 21:17,instagram for iPhone,0,0,EN
"""Survivors deserve support, not stigma. Let's end the stigma. #EndStigma #India""",EchoElysium,7/16/2020 21:17,instagram for Android,0,0,EN
"""Let's educate our communities about consent and boundaries. #ConsentEducation #India""",PrismPulse,7/16/2020 21:17,instagram for iPhone,0,0,EN
"""We must prioritize the safety and well-being of all individuals. #SafetyFirst #India""",SereneSafari,7/16/2020 21:17,instagram for iPhone,0,0,EN
"""Sexual abuse affects people of all genders. Let's address it inclusively. #GenderEquality #India""",DreamyDestiny,7/16/2020 21:17,instagram for iPhone,0,1234,EN
"""Together, we can create a culture of respect and dignity. #Respect #EndAbuse""",NovaNest,7/16/2020 21:17,instagram for iPhone,0,2,EN
"""Let's work towards healing and justice for all survivors. #Healing #Justice #India""",EtherealEclipse,7/16/2020 21:17,instagram for Android,0,34,EN
"""Speaking out against sexual abuse is a powerful form of activism. #SpeakOut #EndAbuse""",RadiantRealm,7/16/2020 21:17,instagram Web App,0,2345,EN
"""Educating ourselves about the signs of abuse can help prevent it. Let's educate ourselves. #Prevention #India""",ZenithZen,7/16/2020 21:17,instagram for Android,2,67,EN
"""Ending sexual abuse requires a multifaceted approach. Let's explore all avenues. #EndAbuse #India""",CelestialCanvas,7/16/2020 21:17,instagram for iPhone,1,0,EN
"""Let's support organizations working tirelessly to end sexual violence. #SupportNGOs #India""",WanderWhirl,7/16/2020 21:17,instagram for iPhone,2,67,EN
"""It's never too late to start the conversation about sexual abuse. Let's start now. #StartTalking #India""",BlissfulBreeze,7/16/2020 21:17,instagram for Android,1,122,EN
"""Let's create a society where everyone feels safe and respected. #SafeSociety #India""",EnchantedEclipse,7/16/2020 21:17,instagram Web App,1,34,EN
"""Survivors' stories deserve to be heard and believed. Let's listen and validate. #BelieveSurvivors #India""",TwilightTwirl,7/16/2020 21:17,instagram for Android,1,56,EN
"""Ending sexual abuse requires us to challenge harmful attitudes and beliefs. #ChallengeAttitudes #India""",WhisperingWhim,7/16/2020 21:17,instagram for iPhone,0,78,EN
"""Let's empower individuals to recognize and report instances of abuse. #Empowerment #India""",LuminousLabyrinth,7/16/2020 21:17,instagram for iPhone,0,9,EN
"""Ending sexual abuse requires a commitment to change from all of us. #CommitToEndAbuse #India""",CosmicCanvas,7/16/2020 21:17,instagram for Android,0,8,EN
"""We must hold institutions accountable for their response to sexual abuse. #InstitutionalAccountability #India""",MirageMystic,7/16/2020 21:17,instagram for iPhone,0,77,EN
"""Let's provide survivors with access to comprehensive support services. #SupportServices #India""",NeonNectar,7/16/2020 21:17,instagram for iPhone,0,456,EN
"""Ending sexual abuse starts with educating our youth about consent and respect. #YouthEducation #India""",SapphireSway,7/16/2020 21:17,instagram for iPhone,0,122,EN
"""Let's create a future where everyone feels safe walking down the street. #SafeStreets #India""",PixelParadigm,7/16/2020 21:17,instagram for Android,0,234,EN
"""Survivors deserve justice, healing, and support. Let's ensure they get it. #Justice #Healing #Support #India""",VelvetVista,7/16/2020 21:17,instagram Web App,0,56,EN
"""Together, we can break the cycle of silence and shame surrounding sexual abuse. #BreakTheCycle #EndShame #India""",LunarLuxe,7/16/2020 21:17,instagram for Android,0,4,EN
"""Educating ourselves about the root causes of sexual abuse is crucial for prevention. #Education #Prevention #India""",StarrySymphony,7/16/2020 21:17,instagram for iPhone,0,0,EN
"""Let's dismantle the culture of impunity that enables sexual abuse to thrive. #EndImpunity #India""",MysticMystique,7/16/2020 21:17,instagram for iPhone,0,1,EN
"""Ending sexual abuse requires us to challenge power dynamics and inequality. #EndInequality #India""",EchoEclipse,7/16/2020 21:17,instagram for Android,0,0,EN
"""Every survivor's journey is unique. Let's respect and support them on their path to healing. #Respect #Support #Healing #India""",PrismPinnacle,7/16/2020 21:17,instagram for iPhone,0,567,EN
"""Let's create communities where survivors feel empowered to seek help and support. #EmpowerSurvivors #SeekHelp #India""",SereneSoul,7/16/2020 21:17,instagram for Android,0,897,EN
"""We must address the intersections of race, class, gender, and sexuality in the fight against sexual abuse. #Intersectionality #EndAbuse #India""",DreamyDelight,7/16/2020 21:17,instagram for iPhone,0,4,EN
"""Sexual abuse is a violation of human rights. Let's work towards a society where everyone's rights are respected. #HumanRights #EndAbuse #India""",NovaNebula,7/16/2020 21:17,instagram for iPhone,0,33,EN
"""Let's educate ourselves about the importance of enthusiastic consent in all interactions. #ConsentCulture #EnthusiasticConsent #India""",EtherealElixir,7/16/2020 21:17,instagram for Android,0,678,EN
"""Supporting survivors means creating spaces where they feel safe to share their stories and seek help. #SafeSpaces #SupportSurvivors #India""",RadiantRadiance,7/16/2020 21:17,instagram for iPhone,0,79,EN
"""Let's challenge the harmful stereotypes and attitudes that perpetuate sexual violence. #ChallengeStereotypes #EndViolence #India""",ZenithZest,7/16/2020 21:17,instagram Web App,0,9,EN
"""Empathy and understanding are essential in supporting survivors of sexual abuse. Let's show compassion. #Empathy #Compassion #India""",CelestialCove,7/16/2020 21:17,instagram.io,0,76,EN
"""We must confront the toxic masculinity that contributes to sexual violence. Let's redefine masculinity. #RedefineMasculinity #EndViolence #India""",WanderWhisper,7/16/2020 21:17,instagram for Android,0,0,EN
"""Survivors deserve to be believed, supported, and empowered. Let's stand with them. #BelieveSurvivors #Support #Empower #India""",BlissfulBounty,7/16/2020 21:17,instagram Web App,0,0,EN
"""Ending sexual abuse requires us to challenge the culture of silence and victim-blaming. #BreakTheSilence #EndVictimBlaming #India""",EnchantedElegance,7/16/2020 21:17,instagram for Android,0,0,EN
"""Let's teach our children about consent, boundaries, and respect from a young age. #TeachConsent #Respect #India""",TwilightTango,7/16/2020 21:17,instagram for iPhone,0,0,EN
"""Supporting survivors means advocating for policies that protect their rights and ensure justice. #PolicyAdvocacy #ProtectRights #India""",WhisperingWanderer,7/16/2020 21:17,instagram for iPhone,0,1234,EN
"""Let's challenge the notion that some individuals are 'more deserving' of protection from sexual abuse. #Equality #EndAbuse #India""",LuminousLullaby,7/16/2020 21:17,instagram for Android,1,2,EN
"""Survivors are not defined by their experiences. Let's uplift their voices and honor their resilience. #UpliftSurvivors #Resilience #India""",CosmicCrescendo,7/16/2020 21:17,instagram for io,1,34,EN
"""It's important to recognize that sexual abuse can happen to anyone, regardless of age, gender, or background. #EndAbuse #Awareness #India""",MirageMelody,7/16/2020 21:17,instagram for iPhone,1,2345,EN
"""Let's create a culture where survivors are met with empathy, support, and belief when they come forward. #SupportSurvivors #Empathy #Believe #India""",NeonNook,7/16/2020 21:17,instagram for iPhone,0,67,EN
"""Ending sexual abuse requires us to challenge the systems and structures that perpetuate inequality and power imbalances. #EndInequality #ChallengeSystems #India""",SapphireSpark,7/16/2020 21:17,instagram for Android,0,0,EN
"""Educating ourselves about the various forms of sexual abuse is crucial for recognizing and preventing it. #Education #Prevention #India""",PixelPleasure,7/16/2020 21:17,instagram for iPhone,0,67,EN
"""Let's work towards creating a society where survivors are not only heard but also supported on their journey to healing. #SupportSurvivors #HealingJourney #India""",VelvetVoyager,7/16/2020 21:17,instagram Web App,0,122,EN
"""Supporting survivors means acknowledging the courage it takes for them to come forward and share their experiences. #Courage #Support #Survivors #India""",LunarLustre,7/16/2020 21:17,instagram.io,1,34,EN
"""Let's advocate for comprehensive sex education that teaches consent, boundaries, and healthy relationships. #SexEducation #Consent #HealthyRelationships #India""",StarrySpectrum,7/16/2020 21:17,instagram for Android,1,56,EN
"""Ending sexual abuse requires us to challenge the societal norms and attitudes that perpetuate violence and oppression. #EndViolence #ChallengeNorms #India""",MysticMuse,7/16/2020 21:17,instagram Web App,1,78,EN
"""Survivors deserve access to quality mental health support and resources to aid in their healing journey. #MentalHealthSupport #HealingJourney #India""",EchoEssence,7/16/2020 21:17,instagram for Android,1,9,EN
"""Let's support survivor-centered approaches that prioritize their needs, autonomy, and agency. #SurvivorCentered #Support #Autonomy #India""",PrismParagon,7/16/2020 21:17,instagram for iPhone,1,8,EN
"""Ending sexual abuse requires us to address the root causes, including gender inequality and power imbalances. #EndAbuse #GenderEquality #India""",SereneSpell,7/16/2020 21:17,instagram for iPhone,1,77,EN
"""Survivors of sexual abuse deserve to reclaim their sense of safety, dignity, and self-worth. Let's support their journey. #SupportSurvivors #ReclaimSafety #India""",DreamyDawn,7/16/2020 21:17,instagram for Android,0,456,EN
"""Let's challenge victim-blaming attitudes and instead hold perpetrators accountable for their actions. #EndVictimBlaming #Accountability #India""",NovaNimbus,7/16/2020 21:17,instagram for iPhone,0,122,EN
"""Supporting survivors means advocating for systemic changes that address the underlying issues contributing to sexual violence. #SystemicChange #SupportSurvivors #India""",EtherealExpanse,7/16/2020 21:17,instagram Web App,0,234,EN
"""Survivors' voices are powerful agents of change. Let's amplify them and work towards a safer future for all. #AmplifySurvivors #ChangeMakers #India""",RadiantRapture,7/16/2020 21:17,instagram.io,2,56,EN
"""Let's foster a culture where consent is not just understood but actively practiced and respected in all interactions. #ConsentCulture #Respect #India""",ZenithZing,7/16/2020 21:17,instagram for Android,1,4,EN
"""Survivors of sexual abuse deserve to be treated with dignity, respect, and compassion. Let's ensure they receive it. #Dignity #Respect #Compassion #India""",CelestialCrest,7/16/2020 21:17,instagram Web App,2,0,EN
"""Supporting survivors means advocating for trauma-informed approaches that prioritize their well-being and agency. #TraumaInformed #SupportSurvivors #India""",WanderWhimsy,7/16/2020 21:17,instagram Web App,1,1,EN
"""Let's challenge the attitudes and behaviors that contribute to a culture of entitlement and impunity surrounding sexual abuse. #EndEntitlement #EndImpunity #India""",BlissfulBliss,7/16/2020 21:17,instagram Web App,1,0,EN
"""Survivors of sexual abuse deserve justice, support, and healing. Let's work towards a society where these are guaranteed rights. #Justice #Support #Healing #India""",EnchantedEnigma,7/16/2020 21:17,instagram Web App,1,567,EN
"""Ending sexual abuse requires us to address the societal norms and structures that perpetuate violence and oppression. #EndViolence #ChallengeNorms #India""",TwilightTwinkle,7/16/2020 21:17,instagram Web App,0,897,EN
"""Survivors are not alone in their journey. Let's create communities of support and solidarity. #CommunitySupport #Solidarity #India""",WhisperingWhisper,7/16/2020 21:17,instagram Web App,0,4,EN
"""Let's educate ourselves about the complexities of sexual abuse and the impact it has on survivors and communities. #Education #Awareness #India""",LuminousLuminance,7/16/2020 21:17,instagram.io,0,33,EN
"""Supporting survivors means advocating for survivor-centered policies and services that prioritize their needs and well-being. #SurvivorCentered #Support #India""",CosmicCascade,7/16/2020 21:17,instagram Web App,0,678,EN
"""Survivors of sexual abuse deserve to be believed, supported, and empowered. Let's stand with them in solidarity. #BelieveSurvivors #Support #Empower #India""",MirageMiracle,7/16/2020 21:17,instagram for Android,0,79,EN
"""Let's challenge the culture of silence and stigma that surrounds sexual abuse, and instead foster a culture of openness and support. #BreakTheSilence #EndStigma #India""",NeonNexus,7/16/2020 21:17,instagram Web App,0,9,EN
"""Supporting survivors means creating environments where they feel safe to disclose their experiences and seek help without fear of judgment. #SafeEnvironments #SupportSurvivors #India""",SapphireSiren,7/16/2020 21:17,instagram for Android,0,76,EN
"""Ending sexual abuse requires us to address the intersections of race, class, gender, and sexuality in our advocacy efforts. #Intersectionality #EndAbuse #India""",PixelProwess,7/16/2020 21:17,instagram for iPhone,0,0,EN
"""Let's empower survivors to reclaim their narratives and redefine themselves beyond their experiences of abuse. #EmpowerSurvivors #ReclaimNarratives #India""",VelvetVerve,7/16/2020 21:17,instagram for iPhone,0,0,EN
"""Survivors of sexual abuse deserve to be treated with empathy, respect, and dignity. Let's ensure they receive the support they deserve. #Empathy #Respect #Dignity #India""",LunarLegend,7/16/2020 21:17,instagram for Android,0,0,EN
"""Enough is enough! We need to stand up against sexual abuse in India's cities. #EndSexualAbuse #India""",NeonNebula,7/16/2020 21:17,instagram for iPhone,0,0,EN
"""Sexual abuse knows no boundaries, not even in the bustling streets of Mumbai. It's time to raise our voices. #BreakTheSilence #Mumbai #India""",PixelPioneer,7/16/2020 21:17,instagram for iPhone,0,1234,EN
"""Every woman in Delhi has a story of harassment or abuse. Let's change that narrative. #SafeDelhi #StopSexualAbuse #India""",VelvetVoyage,7/16/2020 21:17,instagram for iPhone,0,2,EN
"""From Kolkata to Chennai, women face harassment every day. It's time to make our streets safe. #EndHarassment #India""",LunarLuminary,7/16/2020 21:17,instagram for iPhone,0,34,EN
"""No woman should feel unsafe in her own city. It's time for change. #SafeCities #India""",StarrySpecter,7/16/2020 21:17,instagram for Android,0,2345,EN
"""Sexual abuse is not just a women's issue, it's a societal issue. Let's address it together. #EndAbuse #India""",MysticMingle,7/16/2020 21:17,instagram Web App,0,67,EN
"""The streets of Bangalore should be safe for everyone, regardless of gender. Let's work towards that. #SafeBangalore #India""",EchoEnigma,7/16/2020 21:17,instagram for Android,0,0,EN
"""In Hyderabad and beyond, sexual abuse is a harsh reality. Let's work towards a safer future. #EndAbuse #India""",PrismPresence,7/16/2020 21:17,instagram for iPhone,0,67,EN
"""Let's break the cycle of silence surrounding sexual abuse in India's cities. #SpeakUp #India""",SereneSynergy,7/16/2020 21:17,instagram for iPhone,0,122,EN
"""From Jaipur to Pune, every city needs to prioritize the safety of its citizens. #SafeCities #India""",DreamyDazzle,7/16/2020 21:17,instagram for Android,0,34,EN
"""The statistics of sexual abuse in India are alarming. It's time for action, not just words. #EndAbuse #India""",NovaNomad,7/16/2020 21:17,instagram Web App,0,56,EN
"""As citizens of India, it's our responsibility to create safer communities for everyone. #SafeCommunities #India""",EtherealEchoes,7/16/2020 21:17,instagram for Android,0,78,EN
"""No more turning a blind eye to the harassment and abuse faced by women in our cities. #StandTogether #India""",RadiantRipple,7/16/2020 21:17,instagram for iPhone,0,9,EN
"""Toxic masculinity has no place in our society. Let's challenge it at every level. #BreakTheCycle #India""",ZenithZephyr,7/16/2020 21:17,instagram for iPhone,0,8,EN
"""It's time to dismantle the structures that enable sexual abuse in our cities. #EndEnablers #India""",CelestialCipher,7/16/2020 21:17,instagram for Android,0,77,EN
"""Our cities should be places of opportunity and safety, not fear and harassment. #SafeCities #India""",WanderWisp,7/16/2020 21:17,instagram for io,0,456,EN
"""Educate, empower, and protect. That's how we combat sexual abuse in India. #EndAbuse #India""",BlissfulBloom,7/16/2020 21:17,instagram for iPhone,0,122,EN
"""From Lucknow to Ahmedabad, no city is immune to the epidemic of sexual abuse. #EndTheSilence #India""",EnchantedEssence,7/16/2020 21:17,instagram for iPhone,0,234,EN
"""Let's create a culture where survivors are believed and supported, not shamed or silenced. #BelieveSurvivors #India""",TwilightTrance,7/16/2020 21:17,instagram for Android,2,56,EN
"""The time for change is now. Let's make our cities safer for everyone. #SafeCities #India""",WhisperingWillow,7/16/2020 21:17,instagram for iPhone,1,4,EN
"""In the fight against sexual abuse, silence is not an option. Let your voice be heard. #SpeakOut #India""",LuminousLagoon,7/16/2020 21:17,instagram Web App,2,0,EN
"""Sexual abuse thrives in environments of secrecy and shame. It's time to break that cycle. #BreakTheCycle #India""",CosmicCascade,7/16/2020 21:17,instagram.io,1,1,EN
"""We cannot wait for someone else to take action. Each of us has a role to play in ending sexual abuse. #TakeAction #India""",MirageMystery,7/16/2020 21:17,instagram for Android,1,0,EN
"""Sexual abuse doesn't discriminate based on age, class, or religion. It's time we all unite to end it. #EndAbuse #India""",NeonNirvana,7/16/2020 21:17,instagram Web App,1,567,EN
"""From Chandigarh to Kochi, every city needs to prioritize the safety and well-being of its residents. #SafeCities #India""",SapphireSerenade,7/16/2020 21:17,instagram for Android,0,897,EN
"""Let's teach our children about consent, respect, and boundaries from an early age. #EducationIsKey #India""",PixelPulse,7/16/2020 21:17,instagram for iPhone,0,4,EN
"""Survivors of sexual abuse deserve justice, support, and compassion. Let's ensure they get it. #SupportSurvivors #India""",VelvetVortex,7/16/2020 21:17,instagram for iPhone,0,33,EN
"""It's not enough to just talk about ending sexual abuse. We need tangible actions and policies to make it happen. #ActionSpeaksLouder #India""",LunarLullaby,7/16/2020 21:17,instagram for Android,0,678,EN
"""Our cities should be spaces where everyone feels safe to live, work, and thrive. Let's make it a reality. #SafeSpaces #India""",StarrySpell,7/16/2020 21:17,instagram for iPhone,0,79,EN
"""The fight against sexual abuse is not just a women's issue; it's everyone's issue. Let's stand together. #EndAbuse #India""",MysticMingle,7/16/2020 21:17,instagram Web App,0,9,EN
"""Perpetrators of sexual abuse must be held accountable for their actions. No more impunity. #Accountability #India""",EchoElysium,7/16/2020 21:17,instagram.io,0,76,EN
"""Victim blaming and shaming only perpetuate the cycle of abuse. It's time to change the narrative. #EndVictimBlaming #India""",PrismPulse,7/16/2020 21:17,instagram for Android,0,0,EN
"""As a society, we need to dismantle the patriarchal attitudes that enable and justify sexual violence. #DismantlePatriarchy #India""",SereneSafari,7/16/2020 21:17,instagram Web App,0,0,EN
"""We must amplify the voices of survivors and listen to their experiences without judgment or disbelief. #ListenAndBelieve #India""",DreamyDestiny,7/16/2020 21:17,instagram Web App,0,0,EN
"""From street harassment to workplace abuse, no form of sexual violence should be tolerated. #ZeroTolerance #India""",NovaNest,7/16/2020 21:17,instagram Web App,0,0,EN
"""Let's create networks of support and solidarity for survivors of sexual abuse in every city. #SupportNetworks #India""",EtherealEclipse,7/16/2020 21:17,instagram Web App,0,1234,EN
"""It's time for men to step up and challenge other men's harmful behavior. Real men respect and protect women. #MenAgainstAbuse #India""",RadiantRealm,7/16/2020 21:17,instagram Web App,0,2,EN
"""We need comprehensive sex education programs that teach consent, boundaries, and healthy relationships. #SexEducation #India""",ZenithZen,7/16/2020 21:17,instagram Web App,0,34,EN
"""The fight against sexual abuse is not just about punishment; it's about prevention and education. #PreventionIsKey #India""",CelestialCanvas,7/16/2020 21:17,instagram.io,0,2345,EN
"""Together, we can create a future where every person feels safe, respected, and valued. #SafeFuture #India""",WanderWhirl,7/16/2020 21:17,instagram Web App,0,67,EN
"""Survivors of sexual abuse are not defined by their trauma; they are resilient, brave, and deserving of support. #SupportSurvivors #India""",BlissfulBreeze,7/16/2020 21:17,instagram for Android,0,0,EN
"""Let's challenge the normalization of sexual harassment and assault in our society. Silence only perpetuates the problem. #BreakTheSilence #India""",EnchantedEclipse,7/16/2020 21:17,instagram Web App,0,67,EN
"""No more excuses, no more justifications. It's time to end the culture of impunity surrounding sexual violence. #EndImpunity #India""",TwilightTwirl,7/16/2020 21:17,instagram for Android,0,122,EN
"""We need systemic changes to address the root causes of sexual abuse, not just band-aid solutions. #SystemicChange #India""",WhisperingWhim,7/16/2020 21:17,instagram for iPhone,0,34,EN
"""The safety and well-being of women and girls must be prioritized in every aspect of policymaking and governance. #PrioritizeSafety #India""",LuminousLabyrinth,7/16/2020 21:17,instagram for iPhone,0,56,EN
"""Sexual abuse thrives in environments where power dynamics are skewed. Let's work towards a more equitable society. #EquityForAll #India""",CosmicCanvas,7/16/2020 21:17,instagram for Android,0,78,EN
"""The trauma of sexual abuse can last a lifetime, but so can the resilience and healing of survivors. #Resilience #India""",MirageMystic,7/16/2020 21:17,instagram for iPhone,0,9,EN
"""Let's challenge harmful gender stereotypes and norms that contribute to the perpetuation of sexual violence. #ChallengeNorms #India""",NeonNectar,7/16/2020 21:17,instagram for iPhone,0,8,EN
"""From Bollywood to corporate boardrooms, no industry is immune to the scourge of sexual harassment. #EndHarassment #India""",SapphireSway,7/16/2020 21:17,instagram for iPhone,0,77,EN
"""We need better support services and resources for survivors of sexual abuse in every city. #SupportServices #India""",PixelParadigm,7/16/2020 21:17,instagram for iPhone,1,456,EN
"""Survivors of sexual abuse deserve access to quality healthcare, counseling, and legal support. #AccessToJustice #India""",VelvetVista,7/16/2020 21:17,instagram for Android,1,122,EN
"""Let's create workplaces that are free from harassment and discrimination. It's not just good for business; it's the right thing to do. #SafeWorkplaces #India""",LunarLuxe,7/16/2020 21:17,instagram Web App,1,234,EN
"""The stigma surrounding sexual abuse only serves to isolate and silence survivors. It's time to break that stigma. #EndStigma #India""",StarrySymphony,7/16/2020 21:17,instagram for Android,0,56,EN
"""Sexual abuse is not just a women's issue; it affects people of all genders. Let's ensure our advocacy is inclusive and intersectional. #IntersectionalAdvocacy #India""",MysticMystique,7/16/2020 21:17,instagram for iPhone,0,4,EN
"""From universities to public parks, no space should be unsafe for women and girls. Let's reclaim our cities. #ReclaimTheStreets #India""",EchoEclipse,7/16/2020 21:17,instagram for iPhone,0,0,EN
"""Let's teach our sons to respect women and treat them as equals. The cycle of abuse ends with us. #RaiseBetterMen #India""",PrismPinnacle,7/16/2020 21:17,instagram for Android,0,1,EN
"""We need more representation and leadership of women in positions of power and influence. #RepresentationMatters #India""",SereneSoul,7/16/2020 21:17,instagram Web App,1,0,EN
"""Let's support organizations and initiatives working to prevent sexual abuse and support survivors. #SupportOrganizations #India""",DreamyDelight,7/16/2020 21:17,instagram for Android,1,567,EN
"""Together, we can create a culture of consent, respect, and empathy in our communities. #CultureOfConsent #India""",NovaNebula,7/16/2020 21:17,instagram for iPhone,1,897,EN
"""The fight against sexual abuse requires a collective effort from all sectors of society: government, NGOs, businesses, and individuals. #CollectiveEffort #India""",EtherealElixir,7/16/2020 21:17,instagram for iPhone,1,4,EN
"""Sexual abuse not only violates the body but also the trust and dignity of the survivor. Let's restore both. #RestoreDignity #India""",RadiantRadiance,7/16/2020 21:17,instagram for Android,1,33,EN
"""Let's believe survivors when they come forward with their stories. It's the first step towards justice and healing. #BelieveSurvivors #India""",ZenithZest,7/16/2020 21:17,instagram for io,1,678,EN
"""Education and awareness are key to preventing sexual abuse. Let's start the conversation early and often. #StartTheConversation #India""",CelestialCove,7/16/2020 21:17,instagram for iPhone,0,79,EN
"""From laws to law enforcement, we need comprehensive reforms to address sexual violence effectively. #ReformNeeded #India""",WanderWhisper,7/16/2020 21:17,instagram for iPhone,0,9,EN
"""Let's hold institutions accountable for their response to sexual abuse cases, whether it's schools, workplaces, or religious organizations. #Accountability #India""",BlissfulBounty,7/16/2020 21:17,instagram for Android,0,76,EN
"""No more victim blaming. The only person responsible for sexual abuse is the perpetrator. #EndVictimBlaming #India""",EnchantedElegance,7/16/2020 21:17,instagram for iPhone,2,0,EN
"""We need to address the underlying attitudes and beliefs that perpetuate rape culture in our society. #EndRapeCulture #India""",TwilightTango,7/16/2020 21:17,instagram Web App,1,0,EN
"""Let's create spaces where survivors feel safe to share their experiences and seek support without fear of judgment or disbelief. #SafeSpaces #India""",WhisperingWanderer,7/16/2020 21:17,instagram.io,2,0,EN
"""Survivors of sexual abuse are not alone. Let's stand with them, listen to them, and support them in their journey towards healing. #SupportSurvivors #India""",LuminousLullaby,7/16/2020 21:17,instagram for Android,1,0,EN
"""Let's prioritize the safety and well-being of children and youth, who are particularly vulnerable to sexual abuse. #ProtectChildren #India""",CosmicCrescendo,7/16/2020 21:17,instagram Web App,1,1234,EN
"""We need to dismantle the systems of power and privilege that enable sexual abuse to flourish unchecked. #DismantleSystems #India""",MirageMelody,7/16/2020 21:17,instagram for Android,1,2,EN
"""Let's challenge the narratives that blame victims and excuse perpetrators of sexual violence. #ChangeTheNarrative #India""",NeonNook,7/16/2020 21:17,instagram for iPhone,0,34,EN
"""No more silence, no more shame. It's time to speak out against sexual abuse in all its forms. #SpeakOut #India""",SapphireSpark,7/16/2020 21:17,instagram for iPhone,0,2345,EN
"""Sexual abuse is a violation of human rights and dignity. Let's work towards a society where everyone's rights are respected. #HumanRights #India""",PixelPleasure,7/16/2020 21:17,instagram for Android,0,67,EN
"""From rural villages to urban centers, sexual abuse is a pervasive problem that demands our attention and action. #EndAbuse #India""",VelvetVoyager,7/16/2020 21:17,instagram for iPhone,0,0,EN
"""Let's support survivors in their journey towards healing and justice, whatever that looks like for them. #SupportSurvivors #India""",LunarLustre,7/16/2020 21:17,instagram Web App,0,67,EN
"""The trauma of sexual abuse doesn't end with the assault; it lingers long after. Let's be compassionate and supportive allies to survivors. #SupportSurvivors #India""",StarrySpectrum,7/16/2020 21:17,instagram.io,0,122,EN
"""As a society, we need to create a culture of consent and respect, where no means no and every person's boundaries are honored. #ConsentCulture #India""",MysticMuse,7/16/2020 21:17,instagram for Android,0,34,EN
"""Let's challenge the attitudes and behaviors that perpetuate sexual violence, whether it's catcalling on the streets or rape jokes in popular culture. #EndSexualViolence #India""",EchoEssence,7/16/2020 21:17,instagram Web App,0,56,EN
"""Together, we can create a future where everyone feels safe, respected, and empowered to live their lives free from the fear of sexual violence. #SafeFuture #India""",PrismParagon,7/16/2020 21:17,instagram Web App,0,78,EN
"""Survivors of sexual abuse are not defined by their trauma; they are resilient, brave, and deserving of support and respect. #SupportSurvivors #India""",SereneSpell,7/16/2020 21:17,instagram Web App,0,9,EN
"""Let's create spaces where survivors feel safe to share their stories and seek support without fear of judgment or retraumatization. #SafeSpaces #India""",DreamyDawn,7/16/2020 21:17,instagram Web App,0,8,EN
"""Sexual abuse is not just a women's issue; it affects people of all genders and ages. Let's ensure our advocacy is inclusive and intersectional. #IntersectionalAdvocacy #India""",NovaNimbus,7/16/2020 21:17,instagram Web App,0,77,EN
"""We need comprehensive sex education programs that teach consent, boundaries, and healthy relationships from an early age. #SexEducation #India""",EtherealExpanse,7/16/2020 21:17,instagram Web App,0,456,EN
"""Let's challenge the culture of silence and shame that surrounds sexual abuse and support survivors in their journey towards healing and justice. #EndTheSilence #India""",RadiantRapture,7/16/2020 21:17,instagram.io,0,122,EN
"""We must hold perpetrators of sexual abuse accountable for their actions and ensure that survivors receive the support and justice they deserve. #EndImpunity #India""",ZenithZing,7/16/2020 21:17,instagram Web App,0,234,EN
"""Survivors of sexual abuse deserve to be believed, supported, and treated with dignity and respect. Let's stand with them in solidarity. #BelieveSurvivors #India""",CelestialCrest,7/16/2020 21:17,instagram for Android,0,56,EN
"""Let's dismantle the systems of power and privilege that enable sexual abuse to thrive and create a more just and equitable society for all. #DismantleSystems #India""",WanderWhimsy,7/16/2020 21:17,instagram Web App,0,4,EN
"""No more victim blaming. It's time to shift the focus from the behavior of the survivor to the actions of the perpetrator. #EndVictimBlaming #India""",BlissfulBliss,7/16/2020 21:17,instagram for Android,0,0,EN
"""Together, we can create a world where everyone feels safe, valued, and respected, regardless of their gender or background. #SafeWorld #India""",EnchantedEnigma,7/16/2020 21:17,instagram for iPhone,0,1,EN
"""Survivors of sexual abuse deserve access to quality healthcare, counseling, and legal support to aid in their healing and recovery. #SupportSurvivors #India""",TwilightTwinkle,7/16/2020 21:17,instagram for iPhone,0,0,EN
"""Let's challenge harmful gender stereotypes and norms that perpetuate sexual violence and create a culture of consent and respect for all. #ChallengeNorms #India""",WhisperingWhisper,7/16/2020 21:17,instagram for Android,0,567,EN
"""Sexual abuse thrives in environments where power dynamics are unequal. Let's work towards a more equitable society where everyone's rights are respected. #EquityForAll #India""",LuminousLuminance,7/16/2020 21:17,instagram for iPhone,0,897,EN
"""From schools to workplaces, no institution should tolerate sexual harassment or abuse. Let's create environments where everyone feels safe and respected. #SafeEnvironments #India""",CosmicCascade,7/16/2020 21:17,instagram for iPhone,0,4,EN
"""Let's support organizations and initiatives that work to prevent sexual abuse and support survivors in their journey towards healing and justice. #SupportOrganizations #India""",MirageMiracle,7/16/2020 21:17,instagram for iPhone,0,33,EN
"""We need to listen to and amplify the voices of survivors, challenge the systems that enable sexual abuse, and work towards a world free from violence and oppression. #ListenAndAmplify #India""",NeonNexus,7/16/2020 21:17,instagram for iPhone,0,678,EN
"""Sexual abuse is not inevitable. With education, awareness, and collective action, we can create a world where everyone's bodily autonomy and dignity are respected. #EndSexualAbuse #India""",SapphireSiren,7/16/2020 21:17,instagram for Android,0,79,EN
"""Let's prioritize the safety and well-being of children and youth by teaching them about consent, boundaries, and healthy relationships from an early age. #ProtectChildren #India""",PixelProwess,7/16/2020 21:17,instagram Web App,0,9,EN
"""We must address the root causes of sexual violence, including patriarchal attitudes, gender inequality, and toxic masculinity, to create a society where everyone can live free from fear. #EndSexualViolence #India""",VelvetVerve,7/16/2020 21:17,instagram for Android,0,76,EN
"""Let's stand together against sexual abuse, support survivors in their journey towards healing and justice, and work towards creating a world where everyone feels safe, respected, and empowered. #StandTogether #India""",LunarLegend,7/16/2020 21:17,instagram for iPhone,2,0,EN
"""We need to address sexual abuse in our cities, it's a pervasive issue that affects countless lives. #EndSexualAbuse #India""",NeonNectar,7/16/2020 21:17,instagram for iPhone,1,0,EN
"""Let's stand together to create safer spaces for everyone, especially the most vulnerable among us. #SafeCities #India""",SapphireSway,7/16/2020 21:17,instagram for Android,2,0,EN
"""Education and awareness are key to combating sexual abuse in India's urban areas. #RaiseAwareness #India""",PixelParadigm,7/16/2020 21:17,instagram Web App,1,0,EN
"""Every individual deserves to feel safe in their own city. Let's work towards a future free from sexual abuse. #SafeCityInitiative #India""",VelvetVista,7/16/2020 21:17,instagram for Android,1,1234,EN
"""Sexual abuse thrives in silence. It's time to speak up and break the cycle of violence. #BreakTheSilence #India""",LunarLuxe,7/16/2020 21:17,instagram for iPhone,1,2,EN
"""No one should ever have to live in fear of sexual abuse, no matter where they are in India. #StopSexualAbuse #India""",StarrySymphony,7/16/2020 21:17,instagram for iPhone,0,34,EN
"""Let's support survivors and hold perpetrators accountable for their actions. #SupportSurvivors #India""",MysticMystique,7/16/2020 21:17,instagram for Android,0,2345,EN
"""We need stronger laws and better enforcement to tackle sexual abuse in our cities. #JusticeForSurvivors #India""",EchoEclipse,7/16/2020 21:17,instagram for io,0,67,EN
"""It's not enough to just talk about the problem. We need concrete action to protect our communities. #TakeAction #India""",PrismPinnacle,7/16/2020 21:17,instagram for iPhone,0,0,EN
"""Sexual abuse affects people of all genders and ages. We must work together to create a culture of respect and consent. #RespectAndConsent #India""",SereneSoul,7/16/2020 21:17,instagram for iPhone,0,67,EN
"""The trauma of sexual abuse can last a lifetime. Let's prioritize mental health support for survivors. #MentalHealthMatters #India""",DreamyDelight,7/16/2020 21:17,instagram for Android,0,122,EN
"""Our cities should be places of opportunity and safety, not fear and exploitation. #SafeCitiesForAll #India""",NovaNebula,7/16/2020 21:17,instagram for iPhone,0,34,EN
"""Let's dismantle the systems that enable sexual abuse to thrive and build a future where everyone can live without fear. #DismantleTheSystem #India""",EtherealElixir,7/16/2020 21:17,instagram Web App,0,56,EN
"""Education on consent and boundaries is crucial in preventing sexual abuse. Let's start early and teach our children. #TeachConsent #India""",RadiantRadiance,7/16/2020 21:17,instagram.io,0,78,EN
"""Survivors of sexual abuse deserve our unwavering support and empathy. Let's be there for them. #EmpowerSurvivors #India""",ZenithZest,7/16/2020 21:17,instagram for Android,0,9,EN
"""We cannot turn a blind eye to the epidemic of sexual abuse in our cities. It's time to take a stand. #NoMoreSilence #India""",CelestialCove,7/16/2020 21:17,instagram Web App,0,8,EN
"""Every voice matters in the fight against sexual abuse. Let's amplify the voices of survivors and advocates. #AmplifyVoices #India""",WanderWhisper,7/16/2020 21:17,instagram for Android,0,77,EN
"""Sexual abuse is a violation of human rights. Let's work towards a society where everyone's rights are respected. #HumanRights #India""",BlissfulBounty,7/16/2020 21:17,instagram for iPhone,0,456,EN
"""We need to address the root causes of sexual abuse, including gender inequality and power imbalances. #AddressRootCauses #India""",EnchantedElegance,7/16/2020 21:17,instagram for iPhone,0,122,EN
"""By speaking out against sexual abuse, we are breaking the cycle of violence and creating a safer future for all. #BreakTheCycle #India""",TwilightTango,7/16/2020 21:17,instagram for Android,0,234,EN
"""Together, we can create a culture of consent and respect where sexual abuse has no place. #ConsentCulture #India""",WhisperingWanderer,7/16/2020 21:17,instagram for iPhone,0,56,EN
"""Let's educate ourselves and others on the signs of sexual abuse so we can intervene and support survivors. #EducateAndIntervene #India""",LuminousLullaby,7/16/2020 21:17,instagram Web App,0,4,EN
"""Sexual abuse affects communities across India. It's time for all of us to take action and make a change. #TakeAStand #India""",CosmicCrescendo,7/16/2020 21:17,instagram.io,0,0,EN
"""Survivors of sexual abuse are not alone. Let's build a network of support and solidarity. #SupportNetwork #India""",MirageMelody,7/16/2020 21:17,instagram for Android,0,1,EN
"""Sexual abuse thrives in environments of silence and shame. Let's break the stigma and start talking openly. #BreakTheStigma #India""",NeonNook,7/16/2020 21:17,instagram Web App,0,0,EN
"""We must hold institutions accountable for their response to sexual abuse and ensure justice for survivors. #Accountability #India""",SapphireSpark,7/16/2020 21:17,instagram Web App,0,567,EN
"""It's time to shift the focus from victim-blaming to holding perpetrators accountable for their actions. #NoMoreVictimBlaming #India""",PixelPleasure,7/16/2020 21:17,instagram Web App,0,897,EN
"""We need to challenge harmful stereotypes and attitudes that perpetuate sexual abuse in our cities. #ChallengeStereotypes #India""",VelvetVoyager,7/16/2020 21:17,instagram Web App,0,4,EN
"""Let's create spaces where survivors feel safe to come forward and seek support without fear of judgment. #SafeSpaces #India""",LunarLustre,7/16/2020 21:17,instagram Web App,0,33,EN
"""Sexual abuse is a violation of trust and dignity. Let's work towards restoring both for survivors. #RestoreTrust #India""",StarrySpectrum,7/16/2020 21:17,instagram Web App,0,678,EN
"""The fight against sexual abuse requires a multifaceted approach involving education, policy reform, and community support. #MultifacetedApproach #India""",MysticMuse,7/16/2020 21:17,instagram.io,1,79,EN
"""No one should ever feel ashamed or embarrassed to speak out against sexual abuse. Let's break down the barriers to disclosure. #BreakBarriers #India""",EchoEssence,7/16/2020 21:17,instagram Web App,1,9,EN
"""We need to teach our children about consent, boundaries, and respect from a young age to prevent future incidents of sexual abuse. #PreventAbuse #India""",PrismParagon,7/16/2020 21:17,instagram for Android,1,76,EN
"""Survivors of sexual abuse deserve justice, support, and healing. Let's stand with them every step of the way. #JusticeAndHealing #India""",SereneSpell,7/16/2020 21:17,instagram Web App,0,0,EN
"""Let's challenge the culture of silence and complicity that allows sexual abuse to persist in our cities. #ChallengeSilence #India""",DreamyDawn,7/16/2020 21:17,instagram for Android,0,0,EN
"""By working together, we can create a future where everyone feels safe and respected in our cities. #SafetyForAll #India""",NovaNimbus,7/16/2020 21:17,instagram for iPhone,0,0,EN
"""Sexual abuse is not just a women's issue—it affects people of all genders. Let's ensure our response is inclusive and intersectional. #IntersectionalResponse #India""",EtherealExpanse,7/16/2020 21:17,instagram for iPhone,0,0,EN
"""Let's prioritize survivor-centered approaches in our response to sexual abuse, ensuring their voices and needs are heard and respected. #SurvivorCentered #India""",RadiantRapture,7/16/2020 21:17,instagram for Android,1,1234,EN
"""Sexual abuse is not inevitable. Let's work towards a future where it's no longer a reality for anyone. #NoMoreAbuse #India""",ZenithZing,7/16/2020 21:17,instagram for iPhone,1,90,EN
"""It's time for men to actively challenge toxic masculinity and be allies in the fight against sexual abuse. #MenAgainstAbuse #India""",CelestialCrest,7/16/2020 21:17,instagram for iPhone,1,0,EN
"""Sexual abuse thrives in environments of power imbalances. Let's work towards a more equitable society where everyone has equal rights and opportunities. #EqualityForAll #India""",WanderWhimsy,7/16/2020 21:17,instagram for iPhone,1,87,EN
"""Let's support organizations and initiatives that are working tirelessly to combat sexual abuse and support survivors. #SupportInitiatives #India""",BlissfulBliss,7/16/2020 21:17,instagram for iPhone,1,456,EN
"""Sexual abuse is a violation of human dignity. Let's reaffirm the worth and dignity of every individual. #HumanDignity #India""",EnchantedEnigma,7/16/2020 21:17,instagram for Android,1,78,EN
"""We must believe and validate the experiences of survivors, creating a culture where their stories are heard and respected. #BelieveSurvivors #India""",TwilightTwinkle,7/16/2020 21:17,instagram Web App,0,900,EN
"""The trauma of sexual abuse can impact every aspect of a person's life. Let's ensure survivors have access to comprehensive support services. #ComprehensiveSupport #India""",WhisperingWhisper,7/16/2020 21:17,instagram for Android,0,7,EN
"""Sexual abuse is not just a legal issue—it's a moral and ethical one. Let's all do our part to create a more just and compassionate society. #MoralResponsibility #India""",LuminousLuminance,7/16/2020 21:17,instagram for iPhone,0,0,EN
"""Let's dismantle harmful myths and misconceptions surrounding sexual abuse and educate ourselves on the realities. #DismantleMyths #India""",CosmicCascade,7/16/2020 21:17,instagram for iPhone,0,9,EN
"""Every instance of sexual abuse is a failure of our society to protect its most vulnerable members. Let's do better. #ProtectTheVulnerable #India""",MirageMiracle,7/16/2020 21:17,instagram for Android,0,8,EN
"""Let's create a culture where survivors are empowered to reclaim their agency and autonomy in the aftermath of sexual abuse. #EmpowerSurvivors #India""",NeonNexus,7/16/2020 21:17,instagram Web App,0,77,EN
"""Sexual abuse is not just a crime against an individual—it's an assault on their dignity and humanity. #CrimeAgainstHumanity #India""",SapphireSiren,7/16/2020 21:17,instagram for Android,0,0,EN
